"","main","age","act","trans","ceraf","chol"
"SNP_A-2258205",0,0.330933813237353,0,0,0,0
"SNP_A-2249251",0.944611077784443,0,0,0,0,0
"SNP_A-2282398",0,0.388522295540892,0,0,0,0
"SNP_A-8614739",0,0,0,0,0,0.310937812437513
"SNP_A-8297656",0,0,0,0,0,0.489702059588082
"SNP_A-4256084",0,0,0,0,0,0.300339932013597
"SNP_A-1934967",0.926814637072585,0,0,0,0,0
"SNP_A-8286171",0,0,0,0,0,0.303339332133573
"SNP_A-8594569",0.357128574285143,0,0,0,0,0
"SNP_A-2181403",0,0,0,0,0.500099980003999,0
"SNP_A-1928294",0,0,0,0,0.375724855028994,0
"SNP_A-4288736",0,0,0,0,0.44371125774845,0
"SNP_A-8661610",0.42751449710058,0,0,0,0,0
"SNP_A-8365031",0,0,0,0.34373125374925,0,0
"SNP_A-2175754",0,0,0,0,0,0.493901219756049
"SNP_A-1930624",0,0,0,0,0,0.33873225354929
"SNP_A-8355630",0,0,0,0,0,0.285542891421716
"SNP_A-4194436",0,0,0,0,0,0.404919016196761
"SNP_A-8418557",0,0,0,0,0,0.396720655868826
"SNP_A-2107644",0,0,0,0,0,0.300339932013597
"SNP_A-8407113",0,0.580283943211358,0,0,0,0
"SNP_A-8499756",0,0.553289342131574,0,0,0,0
"SNP_A-8285893",0,0.419516096780644,0,0,0,0
"SNP_A-4237566",0,0.336132773445311,0,0,0,0
"SNP_A-2000959",0,0.381523695260948,0,0,0,0
"SNP_A-8286293",0,0.309938012397521,0,0,0,0
"SNP_A-8514082",0,0,0,0,0,0.793641271745651
"SNP_A-8344907",0,0.665666866626675,0,0,0,0
"SNP_A-8423981",0,0.740651869626075,0,0,0,0
"SNP_A-8451791",0,0.947210557888422,0,0,0,0
"SNP_A-8281665",0,0.320135972805439,0,0,0,0
"SNP_A-8281666",0,0.295740851829634,0,0,0,0
"SNP_A-8586489",0,0.398320335932813,0,0,0,0
"SNP_A-8642402",0,0,0.417916416716657,0,0,0
"SNP_A-4258348",0,0.759048190361928,0,0,0,0
"SNP_A-8286718",0.510297940411918,0,0,0,0,0
"SNP_A-1861991",0.294541091781644,0,0,0,0,0
"SNP_A-2187555",0.417316536692661,0,0,0,0,0
"SNP_A-4286809",0.425514897020596,0,0,0,0,0
"SNP_A-8408107",0.410717856428714,0,0,0,0,0
"SNP_A-8454230",0.444111177764447,0,0,0,0,0
"SNP_A-8585526",0.295940811837632,0,0,0,0,0
"SNP_A-8673753",0.502299540091982,0,0,0,0,0
"SNP_A-8538538",0.377124575084983,0,0,0,0,0
"SNP_A-8630977",0.326534693061388,0,0,0,0,0
"SNP_A-2296902",0.668866226754649,0,0,0,0,0
"SNP_A-8388495",0.419316136772645,0,0,0,0,0
"SNP_A-8584783",0.494701059788042,0,0,0,0,0
"SNP_A-8436355",0,0,0.613877224555089,0,0,0
"SNP_A-8436677",0,0,0.777844431113777,0,0,0
"SNP_A-1918738",0,0,0.798040391921616,0,0,0
"SNP_A-8583610",0,0,0.682263547290542,0,0,0
"SNP_A-8431199",0,0,0.831033793241352,0,0,0
"SNP_A-8281746",0,0,0.310337932413517,0,0,0
"SNP_A-1894313",0,0.375724855028994,0,0,0,0
"SNP_A-8471537",0,0,0,0,0.816036792641472,0
"SNP_A-8472970",0,0,0,0,0.607278544291142,0
"SNP_A-8542314",0,0.367126574685063,0,0,0,0
"SNP_A-8527442",0,0.381923615276945,0,0,0,0
"SNP_A-8548349",0,0,0,0,0.328334333133373,0
"SNP_A-8411179",0.524895020995801,0,0,0,0,0
"SNP_A-8656352",0,0,0,0,0,0.331733653269346
"SNP_A-8610466",0,0,0,0.432713457308538,0,0
"SNP_A-8280986",0,0,0,0.628474305138972,0,0
"SNP_A-4289298",0.818636272745451,0,0,0,0,0
"SNP_A-8500364",0.37872425514897,0,0,0,0,0
"SNP_A-8442010",0,0.510097980403919,0,0,0,0
"SNP_A-8290324",0,0,0,0,0.29254149170166,0
"SNP_A-4213874",0,0,0,0.509498100379924,0,0
"SNP_A-8609099",0,0,0,0.665266946610678,0,0
"SNP_A-2172265",0.304739052189562,0,0,0,0,0
"SNP_A-8517350",0,0.428514297140572,0,0,0,0
"SNP_A-2117294",0,0.815436912617477,0,0,0,0
"SNP_A-8704151",0,0.88122375524895,0,0,0,0
"SNP_A-2285113",0,0.335532893421316,0,0,0,0
"SNP_A-1856471",0,0.343131373725255,0,0,0,0
"SNP_A-8542176",0,0.294341131773645,0,0,0,0
"SNP_A-8291550",0.286142771445711,0,0,0,0,0
"SNP_A-4232029",0.495100979804039,0,0,0,0,0
"SNP_A-4277537",0,0,0.644471105778844,0,0,0
"SNP_A-2031994",0,0,0.537092581483703,0,0,0
"SNP_A-8597800",0,0.382323535292941,0,0,0,0
"SNP_A-2000627",0,0.355528894221156,0,0,0,0
"SNP_A-1851447",0,0.286742651469706,0,0,0,0
"SNP_A-8533641",0,0.469106178764247,0,0,0,0
"SNP_A-8383649",0,0,0,0,0.324735052989402,0
"SNP_A-2044683",0,0,0,0,0.892021595680864,0
"SNP_A-8605778",0,0,0,0,0,0.336532693461308
"SNP_A-8639476",0,0.619876024795041,0,0,0,0
"SNP_A-8572171",0,0.458308338332334,0,0,0,0
"SNP_A-8683660",0,0.628074385122975,0,0,0,0
"SNP_A-8616855",0,0,0,0,0.750449910017996,0
"SNP_A-8584610",0,0,0,0,0.327934413117377,0
"SNP_A-8400812",0,0,0,0,0.34753049390122,0
"SNP_A-8359253",0,0,0,0.457708458308338,0,0
"SNP_A-2168702",0.390121975604879,0,0,0,0,0
"SNP_A-1904252",0.303539292141572,0,0,0,0,0
"SNP_A-2119664",0.310737852429514,0,0,0,0,0
"SNP_A-8413794",0,0,0,0.413917216556689,0,0
"SNP_A-1931280",0,0,0,0.384723055388922,0,0
