"","gene_name","rsID","main","age","act","trans","ceraf","chol"
"1","WDFY4","rs17011106",0.993001399720056,0,0,0,0,0
"2","WDFY4","rs17011106",0.993001399720056,0,0,0,0,0
"3","KIAA1217","rs7077294",0,0,0,0,0,0.973605278944211
"4","RP11-170M17.1","rs7093682",0,0,0,0.99380123975205,0,0
"5","WDFY4","rs17011106",0.99000199960008,0,0,0,0,0
"6","WDFY4","rs17011106",0.99000199960008,0,0,0,0,0
"7","MIR3924","rs10826028",0,0,0,0,0.96120775844831,0
"8","THNSL1","rs4748996",0,0,0,0,0,0.983403319336133
"9","KRT8P37","rs2646392",0.981803639272146,0,0,0,0,0
"10","RP11-170M17.1","rs7904629",0,0,0,0.964607078584283,0,0
"11","ATP5C1","rs1244416",0,0,0,0,0,0.965606878624275
"12","WDFY4","rs4838643",0.976804639072186,0,0,0,0,0
"13","RP11-170M17.1","rs1916458",0,0,0,0.983203359328134,0,0
"14","RP11-526P5.2","rs1537615",0.995600879824035,0,0,0,0,0
"15","KRT8P37","rs2765398",0.975604879024195,0,0,0,0,0
"16","CELF2","rs4317891",0,1,0,0,0,0
"17","LINC00845","rs7922793",0.974405118976205,0,0,0,0,0
"18","RP11-170M17.1","rs1916412",0,0,0,0.977404519096181,0,0
"19","RP11-170M17.1","rs1916411",0,0,0,0.97000599880024,0,0
"20","KRT8P37","rs4747800",0.984003199360128,0,0,0,0,0
"21","CAMK1D","rs11258040",0,0,0,0,0.97380523895221,0
"22","RP11-319F12.2","rs1984275",0,0,0,0,0.995200959808038,0
"23","MIR5100","rs17432763",0,0,0,0,0,0.98620275944811
"24","FRMD4A","rs10796113",0.963607278544291,0,0,0,0,0
"25","RP11-490O24.2","rs224765",0,0.971005798840232,0,0,0,0
"26","KIAA1217","rs6482387",0,0,0,0,0,0.96380723855229
"27","ENKUR","rs1492608",0,0,0,0,0,0.968006398720256
"28","ECHDC3","rs11257323",0,0,0,0,0,0.989202159568086
"29","KIAA1217","rs4434904",0,0,0,0,0,0.971605678864227
"30","ANK3","rs10994364",0,0.994201159768046,0,0,0,0
"31","KIAA1462","rs12220246",0,0,0,0.961007798440312,0,0
"32","RP11-309N24.1","rs11010390",0,0.982003599280144,0,0,0,0
"33","KIAA1217","rs10828584",0.975204959008198,0,0,0,0,0
"34","ARHGAP22","rs10857590",0,0,0,0.984803039392122,0,0
"35","RP11-526P5.2","rs1537616",0.994401119776045,0,0,0,0,0
"36","KIAA1462","rs17295031",0,0,0,0.981603679264147,0,0
"37","RP11-271F18.4","rs10905778",0,0,0,0,0,0.99880023995201
"38","SNRPEP8","rs7093161",0,0.954209158168366,0,0,0,0.990201959608078
"39","CHAT","rs2377872",0,0,0,0,0.972805438912218,0
"40","RP11-170M17.1","rs1916409",0,0,0,0.96120775844831,0,0
"41","RP11-170M17.1","rs1916409",0,0,0,0.96120775844831,0,0
"42","MALRD1","rs2245456",0,0.963007398520296,0,0,0,0
"43","RP11-478H13.1","rs787116",0,0.96380723855229,0,0,0,0
"44","RP11-492M23.2","rs2817825",0,0.95500899820036,0,0,0,0
"45","KIN","rs11255338",0,0,0,0,0,0.996400719856029
"46","WDFY4","rs17011115",0.97120575884823,0,0,0,0,0
"47","Y_RNA","rs11010821",0.991601679664067,0,0,0,0,0
"48","RP11-492M23.2","rs2532760",0,0.972005598880224,0,0,0,0
"49","ANK3","rs10821773",0,0.958608278344331,0,0,0,0
"50","CELF2","rs17454012",0,0.999800039992002,0,0,0,0
"51","RP11-478B11.2","rs4372368",0,0.961807638472306,0,0,0,0
"52","RP11-170M17.1","rs1916420",0,0,0,0.967206558688262,0,0
"53","FRMD4A","rs2446588",0,0.972405518896221,0,0,0,0
"54","RP11-170M17.1","rs10995687",0,0,0,0.95880823835233,0,0
"55","RP11-192P3.5","rs161279",0,0,0,0.977004599080184,0,0
"56","ZEB1","rs161279",0,0,0,0.977004599080184,0,0
"57","ZEB1","rs161258",0,0,0,0.987602479504099,0,0
"58","TMEM26","rs10509149",0,0,0,0,0,0.972605478904219
"59","LINC00837","rs3740000",0.996400719856029,0,0,0,0,0
"60","ZNF365","rs17314489",0,0.986602679464107,0,0,0,0
"61","CELF2","rs17453876",0,0.995200959808038,0,0,0,0
"62","ZNF485","rs10793451",0,0,0,0.960407918416317,0,0
"63","KIAA1462","rs4749527",0,0,0,0.979404119176165,0,0
"64","SEPHS1","rs12570207",0,0.969806038792242,0,0,0,0
"65","THNSL1","rs902904",0,0,0,0,0,0.988402319536093
"66","CAMK1D","rs7921813",0,0.999800039992002,0,0,0,0
"67","SNRPEP8","rs10218945",0,0,0,0,0,0.96120775844831
"68","RP11-492M23.2","rs2804551",0.984803039392122,0,0,0,0,0
"69","CELF2","rs12266433",0,0.961807638472306,0,0,0,0
"70","PLXDC2","rs16919385",0,0,0,0,0,0.980603879224155
"71","CELF2","rs4750039",0,0.991001799640072,0,0,0,0
"72","KIAA1217","rs12249964",0,0,0,0,0,0.955808838232354
"73","RP11-170M17.1","rs4745829",0,0,0,0.994001199760048,0,0
"74","CAMK1D","rs11257932",0,0.982603479304139,0,0,0,0
"75","RP11-810B23.1","rs10827602",0,0,0.972805438912218,0,0,0
"76","RP11-526P5.2","rs7081466",0,0,0,0,0.971405718856229,0
"77","THNSL1","rs12256642",0,0,0,0,0,0.961607678464307
"78","RP11-492M23.2","rs2796304",0,0.992801439712058,0,0,0,0
"79","ZEB1","rs10826964",0,0,0,0.959208158368326,0,0
"80","CAMK1D","rs11257933",0,0.972605478904219,0,0,0,0
"81","MIR5100","rs17432532",0,0,0,0,0,0.983403319336133
"82","UBE2V2P1","rs10826899",0,0,0,0,0.978404319136173,0
"83","UBE2V2P1","rs11592473",0,0,0,0,0.986402719456109,0
"84","OR13A1","rs12764778",0,0.989402119576085,0,0,0,0
"85","GPR158","rs12762462",0,0,0,0.963607278544291,0,0
"86","MIR3924","rs1011763",0,0,0,0,0.995400919816037,0
"87","RP11-170M17.1","rs1916450",0,0,0,0.982003599280144,0,0
"88","CHAT","rs1917814",0,0,0,0,0.967006598680264,0
"89","DCLRE1CP1","rs6602809",0.961407718456309,0,0,0,0,0
"90","THNSL1","rs923757",0,0,0,0,0,0.996400719856029
"91","RP11-526P5.2","rs7092368",0,0,0,0,0.986802639472106,0
"92","DCLRE1CP1","rs6602806",0.99120175964807,0,0,0,0,0
"93","ACBD7","rs6602806",0.99120175964807,0,0,0,0,0
"94","ANK3","rs10994308",0,0,0,0,0,0.954209158168366
"95","RP11-490O24.2","rs224699",0,0.976804639072186,0,0,0,0
"96","KIAA1217","rs7083349",0.998600279944011,0,0,0,0,0
"97","RNU6-632P","rs10828905",0,0.962607478504299,0,0,0,0
